{
  "features": [
    {
      "type": "Feature",
      "properties": {
        "id": "e101",
        "type": "building"
      },
      "geometry": {
        "coordinates": [
          [
            [
              -111.762574,
              34.861219
            ],
            [
              -111.76246,
              34.861189
            ],
            [
              -111.762517,
              34.861016
            ],
            [
              -111.762631,
              34.861044
            ],
            [
              -111.762574,
              34.861219
            ]
          ]
        ],
        "type": "Polygon"
      },
      "id": "00107a1c66e970a4383ebe7ec7e4b10e"
    },
    {
      "type": "Feature",
      "properties": {
        "id": "patio-del-norte",
        "type": "fountain"
      },
      "geometry": {
        "coordinates": [
          -111.763324,
          34.862235
        ],
        "type": "Point"
      },
      "id": "01174dde8aebe3b5ec9762f29d46fe3d"
    },
    {
      "type": "Feature",
      "properties": {
        "id": "plaza-de-la-fuente",
        "type": "text"
      },
      "geometry": {
        "coordinates": [
          [
            [
              -111.763053,
              34.861727
            ],
            [
              -111.763074,
              34.861629
            ],
            [
              -111.762682,
              34.861555
            ],
            [
              -111.762664,
              34.861661
            ],
            [
              -111.763053,
              34.861727
            ]
          ]
        ],
        "type": "Polygon"
      },
      "id": "02e1426049bb11c35eed9b23d055fcc4"
    },
    {
      "type": "Feature",
      "properties": {
        "id": "wind-sculpture-garden",
        "type": "text"
      },
      "geometry": {
        "coordinates": [
          [
            [
              -111.762451,
              34.861313
            ],
            [
              -111.762209,
              34.861252
            ],
            [
              -111.762237,
              34.861055
            ],
            [
              -111.762524,
              34.861161
            ],
            [
              -111.762451,
              34.861313
            ]
          ]
        ],
        "type": "Polygon"
      },
      "id": "03af371f1115afff6145dfc115374d66"
    },
    {
      "type": "Feature",
      "properties": {
        "id": "null",
        "type": "wall"
      },
      "geometry": {
        "coordinates": [
          [
            [
              -111.763407,
              34.862022
            ],
            [
              -111.763361,
              34.861979
            ],
            [
              -111.763341,
              34.861979
            ],
            [
              -111.763342,
              34.86199
            ],
            [
              -111.763359,
              34.861991
            ],
            [
              -111.763389,
              34.862022
            ],
            [
              -111.763407,
              34.862022
            ]
          ]
        ],
        "type": "Polygon"
      },
      "id": "03bff977b70a050f77952d0527d1ec5f"
    },
    {
      "type": "Feature",
      "properties": {
        "id": "c205",
        "type": "building"
      },
      "geometry": {
        "coordinates": [
          [
            [
              -111.763102,
              34.861644
            ],
            [
              -111.763032,
              34.86157
            ],
            [
              -111.763107,
              34.861517
            ],
            [
              -111.763173,
              34.861588
            ],
            [
              -111.763102,
              34.861644
            ]
          ]
        ],
        "type": "Polygon"
      },
      "id": "03fd7e069cf1ec7f9ccc324e34a97916"
    },
    {
      "type": "Feature",
      "properties": {
        "id": "c203",
        "type": "building"
      },
      "geometry": {
        "coordinates": [
          [
            [
              -111.763221,
              34.861774
            ],
            [
              -111.763183,
              34.861732
            ],
            [
              -111.763254,
              34.861678
            ],
            [
              -111.763295,
              34.861725
            ],
            [
              -111.763221,
              34.861774
            ]
          ]
        ],
        "type": "Polygon"
      },
      "id": "040995bf355947d3568ba25488bd391b"
    },
    {
      "type": "Feature",
      "properties": {
        "type": "wall"
      },
      "geometry": {
        "coordinates": [
          [
            -111.762973,
            34.862917
          ],
          [
            -111.762986,
            34.862887
          ],
          [
            -111.762607,
            34.862771
          ],
          [
            -111.7624,
            34.862702
          ],
          [
            -111.762214,
            34.862638
          ],
          [
            -111.762067,
            34.862545
          ],
          [
            -111.761935,
            34.862442
          ],
          [
            -111.761767,
            34.862289
          ]
        ],
        "type": "LineString"
      },
      "id": "061800a34bafea914f7770810c0139be"
    },
    {
      "type": "Feature",
      "properties": {
        "id": "null",
        "type": "tree"
      },
      "geometry": {
        "coordinates": [
          -111.762992,
          34.86352
        ],
        "type": "Point"
      },
      "id": "067ac36a84af38d4487d22953c9104b9"
    },
    {
      "type": "Feature",
      "properties": {
        "type": "wall"
      },
      "geometry": {
        "coordinates": [
          [
            -111.76257,
            34.861222
          ],
          [
            -111.762533,
            34.861326
          ],
          [
            -111.76251,
            34.861328
          ]
        ],
        "type": "LineString"
      },
      "id": "083b30626c9a42514bdf794fa3f0aba8"
    },
    {
      "type": "Feature",
      "properties": {
        "id": "b125",
        "type": "building"
      },
      "geometry": {
        "coordinates": [
          [
            [
              -111.763247,
              34.862371
            ],
            [
              -111.763096,
              34.86232
            ],
            [
              -111.76313,
              34.862251
            ],
            [
              -111.763213,
              34.862251
            ],
            [
              -111.763214,
              34.862289
            ],
            [
              -111.763281,
              34.862313
            ],
            [
              -111.763247,
              34.862371
            ]
          ]
        ],
        "type": "Polygon"
      },
      "id": "0bf7bcdc02939d05d686cfcd936d1966"
    },
    {
      "type": "Feature",
      "properties": {
        "id": "el-pasillo-pequeno",
        "type": "text"
      },
      "geometry": {
        "coordinates": [
          [
            [
              -111.763153,
              34.862164
            ],
            [
              -111.763151,
              34.86198
            ],
            [
              -111.763105,
              34.861979
            ],
            [
              -111.763104,
              34.862163
            ],
            [
              -111.763153,
              34.862164
            ]
          ]
        ],
        "type": "Polygon"
      },
      "id": "0d31d92e81d600937c84418cb6518940"
    },
    {
      "type": "Feature",
      "properties": {
        "id": "null",
        "type": "tree"
      },
      "geometry": {
        "coordinates": [
          -111.762339,
          34.862849
        ],
        "type": "Point"
      },
      "id": "0d3c0e436026990a697a8c20aec8f602"
    },
    {
      "type": "Feature",
      "properties": {
        "type": "wall",
        "id": "null"
      },
      "geometry": {
        "coordinates": [
          [
            [
              -111.763008,
              34.861983
            ],
            [
              -111.763007,
              34.86194
            ],
            [
              -111.763003,
              34.861938
            ],
            [
              -111.763004,
              34.861984
            ],
            [
              -111.763008,
              34.861983
            ]
          ]
        ],
        "type": "Polygon"
      },
      "id": "0dc7c91887eebd23d81501aef29dda22"
    },
    {
      "type": "Feature",
      "properties": {
        "id": "information",
        "type": "information"
      },
      "geometry": {
        "coordinates": [
          -111.763581,
          34.862342
        ],
        "type": "Point"
      },
      "id": "0df5f7387d0660960a99242794032dc8"
    },
    {
      "type": "Feature",
      "properties": {
        "id": "null",
        "type": "tree"
      },
      "geometry": {
        "coordinates": [
          -111.762407,
          34.863285
        ],
        "type": "Point"
      },
      "id": "0e00700b034f25e5ef779138e4d4c46d"
    },
    {
      "type": "Feature",
      "properties": {
        "id": "elevator",
        "type": "elevator"
      },
      "geometry": {
        "coordinates": [
          -111.763761,
          34.862617
        ],
        "type": "Point"
      },
      "id": "0e77dcaba908d90c02d0041cb7ada234"
    },
    {
      "type": "Feature",
      "properties": {
        "id": "c11",
        "type": "building"
      },
      "geometry": {
        "coordinates": [
          [
            [
              -111.763085,
              34.863498
            ],
            [
              -111.762834,
              34.863412
            ],
            [
              -111.762891,
              34.863285
            ],
            [
              -111.763068,
              34.863347
            ],
            [
              -111.76309,
              34.863312
            ],
            [
              -111.763179,
              34.863346
            ],
            [
              -111.763135,
              34.863412
            ],
            [
              -111.763085,
              34.863498
            ]
          ]
        ],
        "type": "Polygon"
      },
      "id": "0eb2a4956912c9841e1140bbd8918a56"
    },
    {
      "type": "Feature",
      "properties": {
        "type": "wall"
      },
      "geometry": {
        "coordinates": [
          [
            -111.76334,
            34.862716
          ],
          [
            -111.763509,
            34.862423
          ],
          [
            -111.763472,
            34.862407
          ],
          [
            -111.763438,
            34.862462
          ],
          [
            -111.763092,
            34.862338
          ],
          [
            -111.762969,
            34.862645
          ],
          [
            -111.76332,
            34.862756
          ],
          [
            -111.76334,
            34.862715
          ]
        ],
        "type": "LineString"
      },
      "id": "0ebd5669cd646c89daf11996ad455b57"
    },
    {
      "type": "Feature",
      "properties": {
        "id": "f104",
        "type": "building"
      },
      "geometry": {
        "coordinates": [
          [
            [
              -111.763622,
              34.862482
            ],
            [
              -111.763597,
              34.862431
            ],
            [
              -111.763679,
              34.862382
            ],
            [
              -111.763659,
              34.86236
            ],
            [
              -111.763699,
              34.862333
            ],
            [
              -111.763776,
              34.862403
            ],
            [
              -111.763622,
              34.862482
            ]
          ]
        ],
        "type": "Polygon"
      },
      "id": "124d1d0a8d28bc2aaa72664745eb1fd4"
    },
    {
      "type": "Feature",
      "properties": {
        "id": "null",
        "type": "tree"
      },
      "geometry": {
        "coordinates": [
          -111.762512,
          34.862822
        ],
        "type": "Point"
      },
      "id": "126e8e1d2134622b595976b55dd4350c"
    },
    {
      "type": "Feature",
      "properties": {
        "id": "a205",
        "type": "building"
      },
      "geometry": {
        "coordinates": [
          [
            [
              -111.762633,
              34.861928
            ],
            [
              -111.762516,
              34.861927
            ],
            [
              -111.762515,
              34.861866
            ],
            [
              -111.762634,
              34.861867
            ],
            [
              -111.762633,
              34.861928
            ]
          ]
        ],
        "type": "Polygon"
      },
      "id": "13a8c1e1b2f0345d2728fdb535202f98"
    },
    {
      "type": "Feature",
      "properties": {
        "id": "a106",
        "type": "building"
      },
      "geometry": {
        "coordinates": [
          [
            [
              -111.762633,
              34.862271
            ],
            [
              -111.762517,
              34.862271
            ],
            [
              -111.762516,
              34.862177
            ],
            [
              -111.762633,
              34.862177
            ],
            [
              -111.762633,
              34.862271
            ]
          ]
        ],
        "type": "Polygon"
      },
      "id": "142eea8e6993ca53b4c5bbd9e37d2e90"
    },
    {
      "type": "Feature",
      "properties": {
        "id": "parking-handicap-north",
        "type": "parking-handicap"
      },
      "geometry": {
        "coordinates": [
          -111.762887,
          34.863192
        ],
        "type": "Point"
      },
      "id": "1479463e7cef4039f225b92aeefce04d"
    },
    {
      "type": "Feature",
      "properties": {
        "id": "parking-handicap-portal",
        "type": "parking-handicap"
      },
      "geometry": {
        "coordinates": [
          -111.763483,
          34.862485
        ],
        "type": "Point"
      },
      "id": "1b54551a4dfdf1a76601f619305c3d62"
    },
    {
      "type": "Feature",
      "properties": {
        "id": "az-179",
        "type": "text"
      },
      "geometry": {
        "coordinates": [
          [
            [
              -111.763423,
              34.863019
            ],
            [
              -111.763509,
              34.862916
            ],
            [
              -111.763007,
              34.86273
            ],
            [
              -111.762947,
              34.862858
            ],
            [
              -111.763423,
              34.863019
            ]
          ]
        ],
        "type": "Polygon"
      },
      "id": "213c408b39ffc5fa03914678687e0395"
    },
    {
      "type": "Feature",
      "properties": {
        "id": "null",
        "type": "tree"
      },
      "geometry": {
        "coordinates": [
          -111.763417,
          34.861945
        ],
        "type": "Point"
      },
      "id": "22303193b9ec7ecb1485532ad72851b2"
    },
    {
      "type": "Feature",
      "properties": {
        "id": "d103",
        "type": "building"
      },
      "geometry": {
        "coordinates": [
          [
            [
              -111.763727,
              34.862631
            ],
            [
              -111.763711,
              34.862619
            ],
            [
              -111.763665,
              34.862559
            ],
            [
              -111.76385,
              34.862455
            ],
            [
              -111.763898,
              34.862497
            ],
            [
              -111.763872,
              34.862516
            ],
            [
              -111.763889,
              34.862535
            ],
            [
              -111.763727,
              34.862631
            ]
          ]
        ],
        "type": "Polygon"
      },
      "id": "240437eba554e13b440e777cd4afe7ce"
    },
    {
      "type": "Feature",
      "properties": {
        "id": "elevator",
        "type": "elevator"
      },
      "geometry": {
        "coordinates": [
          -111.76344,
          34.862257
        ],
        "type": "Point"
      },
      "id": "2445f105331f5011796ccaf8f5fdc0bb"
    },
    {
      "type": "Feature",
      "properties": {
        "id": "a120",
        "type": "building"
      },
      "geometry": {
        "coordinates": [
          [
            [
              -111.762753,
              34.862125
            ],
            [
              -111.762753,
              34.86209
            ],
            [
              -111.762875,
              34.862091
            ],
            [
              -111.762875,
              34.862125
            ],
            [
              -111.762753,
              34.862125
            ]
          ]
        ],
        "type": "Polygon"
      },
      "id": "244e24bc5f53184bd3b87cc75b7033ee"
    },
    {
      "type": "Feature",
      "properties": {
        "id": "null",
        "type": "tree"
      },
      "geometry": {
        "coordinates": [
          -111.761755,
          34.86296
        ],
        "type": "Point"
      },
      "id": "24ca21a5238624797d6cdf1e200c5713"
    },
    {
      "type": "Feature",
      "properties": {
        "id": "a119",
        "type": "building"
      },
      "geometry": {
        "coordinates": [
          [
            [
              -111.762878,
              34.862273
            ],
            [
              -111.762755,
              34.862273
            ],
            [
              -111.762754,
              34.862221
            ],
            [
              -111.762877,
              34.862222
            ],
            [
              -111.762878,
              34.862273
            ]
          ]
        ],
        "type": "Polygon"
      },
      "id": "253bfbba2c8a50937b18251b89279448"
    },
    {
      "type": "Feature",
      "properties": {
        "id": "null",
        "type": "tree"
      },
      "geometry": {
        "coordinates": [
          -111.762355,
          34.8614
        ],
        "type": "Point"
      },
      "id": "25ebb76779f5802e9597a947d0af3abe"
    },
    {
      "type": "Feature",
      "properties": {
        "type": "wall"
      },
      "geometry": {
        "coordinates": [
          [
            -111.76246,
            34.861797
          ],
          [
            -111.762459,
            34.86171
          ],
          [
            -111.762637,
            34.861713
          ],
          [
            -111.762665,
            34.861652
          ],
          [
            -111.762681,
            34.861622
          ],
          [
            -111.7627,
            34.861591
          ],
          [
            -111.762735,
            34.861564
          ],
          [
            -111.762777,
            34.86154
          ],
          [
            -111.762817,
            34.861523
          ],
          [
            -111.76286,
            34.861509
          ]
        ],
        "type": "LineString"
      },
      "id": "266c80744ced7b720ef4d90af8c05f6e"
    },
    {
      "type": "Feature",
      "properties": {
        "id": "null",
        "type": "tree"
      },
      "geometry": {
        "coordinates": [
          -111.763807,
          34.862365
        ],
        "type": "Point"
      },
      "id": "281f8e6461daa7c3de597de4e6ecd35f"
    },
    {
      "type": "Feature",
      "properties": {
        "id": "b124",
        "type": "building"
      },
      "geometry": {
        "coordinates": [
          [
            [
              -111.763427,
              34.862438
            ],
            [
              -111.763246,
              34.862371
            ],
            [
              -111.763278,
              34.862314
            ],
            [
              -111.763366,
              34.862345
            ],
            [
              -111.763417,
              34.862252
            ],
            [
              -111.763491,
              34.862315
            ],
            [
              -111.763427,
              34.862438
            ]
          ]
        ],
        "type": "Polygon"
      },
      "id": "288661b8f866d86993bc5018fa7bcbbb"
    },
    {
      "type": "Feature",
      "properties": {
        "id": "restroom-north",
        "type": "restroom"
      },
      "geometry": {
        "coordinates": [
          -111.762904,
          34.863374
        ],
        "type": "Point"
      },
      "id": "288e4a3a9cb69bf45d98aabc0f206a2d"
    },
    {
      "type": "Feature",
      "properties": {
        "id": "a107",
        "type": "building"
      },
      "geometry": {
        "coordinates": [
          [
            [
              -111.762516,
              34.862178
            ],
            [
              -111.762515,
              34.862111
            ],
            [
              -111.762632,
              34.862111
            ],
            [
              -111.762633,
              34.862178
            ],
            [
              -111.762516,
              34.862178
            ]
          ]
        ],
        "type": "Polygon"
      },
      "id": "2a0930a0dfaf90b86991c0c59f5731ae"
    },
    {
      "type": "Feature",
      "properties": {
        "id": "b102",
        "type": "building"
      },
      "geometry": {
        "coordinates": [
          [
            [
              -111.763003,
              34.861885
            ],
            [
              -111.763003,
              34.861825
            ],
            [
              -111.763107,
              34.861825
            ],
            [
              -111.763107,
              34.861884
            ],
            [
              -111.763003,
              34.861885
            ]
          ]
        ],
        "type": "Polygon"
      },
      "id": "2da4da5527dd939f7125dc2caa690fd8"
    },
    {
      "type": "Feature",
      "properties": {
        "id": "null",
        "type": "tree"
      },
      "geometry": {
        "coordinates": [
          -111.76343,
          34.862737
        ],
        "type": "Point"
      },
      "id": "2f55de541fa9b7b930e63a9e4f1988c8"
    },
    {
      "type": "Feature",
      "properties": {
        "id": "a116",
        "type": "building"
      },
      "geometry": {
        "coordinates": [
          [
            [
              -111.762873,
              34.862001
            ],
            [
              -111.762755,
              34.862001
            ],
            [
              -111.762755,
              34.861961
            ],
            [
              -111.762873,
              34.861962
            ],
            [
              -111.762873,
              34.862001
            ]
          ]
        ],
        "type": "Polygon"
      },
      "id": "2fbf91333940f4e28b43ab9d0091644d"
    },
    {
      "type": "Feature",
      "properties": {
        "id": "null",
        "type": "tree"
      },
      "geometry": {
        "coordinates": [
          -111.762326,
          34.861741
        ],
        "type": "Point"
      },
      "id": "30acd9f31d25abb5ee5a784a31f3c5ca"
    },
    {
      "type": "Feature",
      "properties": {
        "id": "tlaque-paque-north",
        "type": "bus-stop"
      },
      "geometry": {
        "coordinates": [
          -111.763226,
          34.862973
        ],
        "type": "Point"
      },
      "id": "31551ac65f125dfa21da536c8c233eb4"
    },
    {
      "type": "Feature",
      "properties": {},
      "geometry": {
        "coordinates": [
          -111.761706,
          34.863305
        ],
        "type": "Point"
      },
      "id": "33339433913e1d908ad16161051bf698"
    },
    {
      "type": "Feature",
      "properties": {
        "id": "f103",
        "type": "building"
      },
      "geometry": {
        "coordinates": [
          [
            [
              -111.76362,
              34.862344
            ],
            [
              -111.763551,
              34.862288
            ],
            [
              -111.763628,
              34.862233
            ],
            [
              -111.763697,
              34.862293
            ],
            [
              -111.76362,
              34.862344
            ]
          ]
        ],
        "type": "Polygon"
      },
      "id": "3576ca9297d69da7da508836c8dae60b"
    },
    {
      "type": "Feature",
      "properties": {
        "id": "null",
        "type": "tree"
      },
      "geometry": {
        "coordinates": [
          -111.762705,
          34.862518
        ],
        "type": "Point"
      },
      "id": "3845154dd47a7342511eb34828948e78"
    },
    {
      "type": "Feature",
      "properties": {
        "id": "null",
        "type": "wall"
      },
      "geometry": {
        "coordinates": [
          [
            [
              -111.763114,
              34.861533
            ],
            [
              -111.763119,
              34.861529
            ],
            [
              -111.763046,
              34.861453
            ],
            [
              -111.763043,
              34.861456
            ],
            [
              -111.763114,
              34.861533
            ]
          ]
        ],
        "type": "Polygon"
      },
      "id": "394eaee0a91b4a6161261411d5bf0b69"
    },
    {
      "type": "Feature",
      "properties": {
        "id": "null",
        "type": "tree"
      },
      "geometry": {
        "coordinates": [
          -111.762713,
          34.86259
        ],
        "type": "Point"
      },
      "id": "3bba117416b146a1604cea5b033be56d"
    },
    {
      "type": "Feature",
      "properties": {
        "id": "portal-lane",
        "type": "text"
      },
      "geometry": {
        "coordinates": [
          [
            [
              -111.764038,
              34.86258
            ],
            [
              -111.763998,
              34.862548
            ],
            [
              -111.763622,
              34.862872
            ],
            [
              -111.763656,
              34.862896
            ],
            [
              -111.764038,
              34.86258
            ]
          ]
        ],
        "type": "Polygon"
      },
      "id": "3d47810fe77ee9dd0bfeb18d427f05a6"
    },
    {
      "type": "Feature",
      "properties": {
        "id": "a117",
        "type": "building"
      },
      "geometry": {
        "coordinates": [
          [
            [
              -111.762753,
              34.86209
            ],
            [
              -111.762753,
              34.862047
            ],
            [
              -111.762874,
              34.862047
            ],
            [
              -111.762874,
              34.862091
            ],
            [
              -111.762753,
              34.86209
            ]
          ]
        ],
        "type": "Polygon"
      },
      "id": "3d876e0c0cb46fe68f6798ed5493ea4f"
    },
    {
      "type": "Feature",
      "properties": {
        "id": "sycamore-grove",
        "type": "text"
      },
      "geometry": {
        "coordinates": [
          [
            [
              -111.762926,
              34.863673
            ],
            [
              -111.763002,
              34.863351
            ],
            [
              -111.762304,
              34.863165
            ],
            [
              -111.762203,
              34.863556
            ],
            [
              -111.762926,
              34.863673
            ]
          ]
        ],
        "type": "Polygon"
      },
      "id": "3fa29bd87249f592c79399256f3c7a7e"
    },
    {
      "type": "Feature",
      "properties": {
        "id": "null",
        "type": "tree"
      },
      "geometry": {
        "coordinates": [
          -111.761924,
          34.863139
        ],
        "type": "Point"
      },
      "id": "4104f5cb2c98c669adefd432a883a6b1"
    },
    {
      "type": "Feature",
      "properties": {
        "id": "wind-sculpture-garden",
        "type": "wind-sculpture-garden"
      },
      "geometry": {
        "coordinates": [
          -111.763625,
          34.863396
        ],
        "type": "Point"
      },
      "id": "41ec10d28e15ed9532d1a06a78c57861"
    },
    {
      "type": "Feature",
      "properties": {
        "id": "null",
        "type": "tree"
      },
      "geometry": {
        "coordinates": [
          -111.762163,
          34.863433
        ],
        "type": "Point"
      },
      "id": "4430801a170ecd7190e8c88861e249bd"
    },
    {
      "type": "Feature",
      "properties": {
        "type": "wall"
      },
      "geometry": {
        "coordinates": [
          [
            -111.764039,
            34.862525
          ],
          [
            -111.763827,
            34.862702
          ]
        ],
        "type": "LineString"
      },
      "id": "4638f58edc4e940356d29a4549fb911c"
    },
    {
      "type": "Feature",
      "properties": {
        "id": "boundary",
        "type": "border",
        "name": "Tlaquepaque border"
      },
      "geometry": {
        "coordinates": [
          [
            [
              -111.800003,
              34.840001
            ],
            [
              -111.800003,
              34.880001
            ],
            [
              -111.720003,
              34.880001
            ],
            [
              -111.720003,
              34.840001
            ],
            [
              -111.800003,
              34.840001
            ]
          ],
          [
            [
              -111.763603,
              34.863704
            ],
            [
              -111.763275,
              34.863699
            ],
            [
              -111.763024,
              34.863691
            ],
            [
              -111.762659,
              34.863616
            ],
            [
              -111.762302,
              34.863576
            ],
            [
              -111.761581,
              34.863511
            ],
            [
              -111.761517,
              34.863089
            ],
            [
              -111.761695,
              34.86251
            ],
            [
              -111.761773,
              34.862269
            ],
            [
              -111.76188,
              34.86204
            ],
            [
              -111.761893,
              34.861934
            ],
            [
              -111.76199,
              34.861856
            ],
            [
              -111.761979,
              34.861828
            ],
            [
              -111.761974,
              34.861801
            ],
            [
              -111.76197,
              34.861773
            ],
            [
              -111.761966,
              34.86174
            ],
            [
              -111.761969,
              34.861696
            ],
            [
              -111.761972,
              34.861656
            ],
            [
              -111.761979,
              34.861613
            ],
            [
              -111.76208,
              34.861298
            ],
            [
              -111.762187,
              34.860986
            ],
            [
              -111.762241,
              34.860829
            ],
            [
              -111.762307,
              34.860777
            ],
            [
              -111.762431,
              34.860776
            ],
            [
              -111.762513,
              34.860846
            ],
            [
              -111.76267,
              34.861029
            ],
            [
              -111.762903,
              34.861277
            ],
            [
              -111.763381,
              34.861819
            ],
            [
              -111.763491,
              34.861978
            ],
            [
              -111.763686,
              34.862206
            ],
            [
              -111.763974,
              34.862466
            ],
            [
              -111.764163,
              34.862586
            ],
            [
              -111.764326,
              34.86275
            ],
            [
              -111.764381,
              34.86284
            ],
            [
              -111.764474,
              34.863001
            ],
            [
              -111.764502,
              34.863064
            ],
            [
              -111.764565,
              34.863181
            ],
            [
              -111.76463,
              34.863299
            ],
            [
              -111.764694,
              34.863417
            ],
            [
              -111.764626,
              34.863621
            ],
            [
              -111.76438,
              34.863742
            ],
            [
              -111.763603,
              34.863704
            ]
          ]
        ],
        "type": "Polygon"
      },
      "id": "46b2f7b5bef5c68dd90e471f9b2efc15"
    },
    {
      "type": "Feature",
      "properties": {
        "id": "oak-creek",
        "type": "text"
      },
      "geometry": {
        "coordinates": [
          [
            [
              -111.762348,
              34.861199
            ],
            [
              -111.762151,
              34.861079
            ],
            [
              -111.761962,
              34.861659
            ],
            [
              -111.762136,
              34.861752
            ],
            [
              -111.762186,
              34.861562
            ],
            [
              -111.762348,
              34.861199
            ]
          ]
        ],
        "type": "Polygon"
      },
      "id": "4772993f218a69a717cf7520174382c3"
    },
    {
      "type": "Feature",
      "properties": {
        "id": "arch",
        "type": "icon"
      },
      "geometry": {
        "coordinates": [
          [
            [
              -111.762753,
              34.862055
            ],
            [
              -111.762752,
              34.862032
            ],
            [
              -111.762631,
              34.862032
            ],
            [
              -111.762632,
              34.862055
            ],
            [
              -111.762753,
              34.862055
            ]
          ]
        ],
        "type": "Polygon"
      },
      "id": "478c60b1109d337e59f2f475c5831688"
    },
    {
      "type": "Feature",
      "properties": {
        "id": "a14",
        "type": "building"
      },
      "geometry": {
        "coordinates": [
          [
            [
              -111.763221,
              34.863179
            ],
            [
              -111.763112,
              34.863139
            ],
            [
              -111.763199,
              34.862992
            ],
            [
              -111.763312,
              34.863033
            ],
            [
              -111.763221,
              34.863179
            ]
          ]
        ],
        "type": "Polygon"
      },
      "id": "4ab48d226ca80187cd285bdfc115ad29"
    },
    {
      "type": "Feature",
      "properties": {
        "id": "wind-sculpture-garden-2",
        "type": "wind-sculpture-garden-2"
      },
      "geometry": {
        "coordinates": [
          -111.762381,
          34.861129
        ],
        "type": "Point"
      },
      "id": "4b56fff4733e33292fd5faff9f7aae58"
    },
    {
      "type": "Feature",
      "properties": {
        "id": "creekside-parking",
        "type": "text"
      },
      "geometry": {
        "coordinates": [
          [
            [
              -111.762447,
              34.862217
            ],
            [
              -111.762429,
              34.86174
            ],
            [
              -111.76222,
              34.861727
            ],
            [
              -111.762229,
              34.862222
            ],
            [
              -111.762447,
              34.862217
            ]
          ]
        ],
        "type": "Polygon"
      },
      "id": "4d9cc4a5df02aa55ed20ada34593b565"
    },
    {
      "type": "Feature",
      "properties": {
        "type": "wall"
      },
      "geometry": {
        "coordinates": [
          [
            -111.763779,
            34.862742
          ],
          [
            -111.763556,
            34.86293
          ],
          [
            -111.763502,
            34.862901
          ],
          [
            -111.763389,
            34.862845
          ],
          [
            -111.763392,
            34.862831
          ],
          [
            -111.763394,
            34.862814
          ],
          [
            -111.763395,
            34.862797
          ],
          [
            -111.763391,
            34.862775
          ],
          [
            -111.763381,
            34.862755
          ],
          [
            -111.763363,
            34.862737
          ],
          [
            -111.763341,
            34.862727
          ]
        ],
        "type": "LineString"
      },
      "id": "4de73b0fddfb17514d0814b9a773bee4"
    },
    {
      "type": "Feature",
      "properties": {
        "id": "null",
        "type": "tree"
      },
      "geometry": {
        "coordinates": [
          -111.763618,
          34.862181
        ],
        "type": "Point"
      },
      "id": "4e863b720f4274e645c17cb6a275a90b"
    },
    {
      "type": "Feature",
      "properties": {
        "id": "entrance-south",
        "type": "entrance"
      },
      "geometry": {
        "coordinates": [
          [
            [
              -111.763256,
              34.861897
            ],
            [
              -111.763306,
              34.861863
            ],
            [
              -111.763294,
              34.86185
            ],
            [
              -111.763244,
              34.861885
            ],
            [
              -111.763256,
              34.861897
            ]
          ]
        ],
        "type": "Polygon"
      },
      "id": "4ed6b9ed34b804ea218c3c13b874d5a6"
    },
    {
      "type": "Feature",
      "properties": {
        "id": "parking-handicap-creekside",
        "type": "parking-handicap"
      },
      "geometry": {
        "coordinates": [
          -111.763841,
          34.862818
        ],
        "type": "Point"
      },
      "id": "502645c9b7466dd1c278082de0cc06df"
    },
    {
      "type": "Feature",
      "properties": {
        "id": "null",
        "type": "wall"
      },
      "geometry": {
        "coordinates": [
          [
            [
              -111.763131,
              34.862252
            ],
            [
              -111.763106,
              34.862249
            ],
            [
              -111.763106,
              34.862154
            ],
            [
              -111.763033,
              34.862155
            ],
            [
              -111.763034,
              34.862229
            ],
            [
              -111.763044,
              34.862273
            ],
            [
              -111.763067,
              34.862304
            ],
            [
              -111.763097,
              34.862319
            ],
            [
              -111.763131,
              34.862252
            ]
          ]
        ],
        "type": "Polygon"
      },
      "id": "5034f46b984dd5e88c1438448c481135"
    },
    {
      "type": "Feature",
      "properties": {
        "id": "a114",
        "type": "building"
      },
      "geometry": {
        "coordinates": [
          [
            [
              -111.762755,
              34.861962
            ],
            [
              -111.762754,
              34.861924
            ],
            [
              -111.762872,
              34.861925
            ],
            [
              -111.762873,
              34.861962
            ],
            [
              -111.762755,
              34.861962
            ]
          ]
        ],
        "type": "Polygon"
      },
      "id": "503e948f2d846c6c706e1cf66f9b3771"
    },
    {
      "type": "Feature",
      "properties": {
        "id": "a102-3",
        "type": "building"
      },
      "geometry": {
        "coordinates": [
          [
            [
              -111.762544,
              34.862357
            ],
            [
              -111.762543,
              34.862304
            ],
            [
              -111.762571,
              34.862304
            ],
            [
              -111.76257,
              34.86227
            ],
            [
              -111.762842,
              34.862273
            ],
            [
              -111.762842,
              34.862303
            ],
            [
              -111.762816,
              34.862304
            ],
            [
              -111.762815,
              34.862357
            ],
            [
              -111.762544,
              34.862357
            ]
          ]
        ],
        "type": "Polygon"
      },
      "id": "507a48cf0144e35c368104d4b04a5647"
    },
    {
      "type": "Feature",
      "properties": {
        "id": "patio-de-las-campanas",
        "type": "text"
      },
      "geometry": {
        "coordinates": [
          [
            [
              -111.762753,
              34.862086
            ],
            [
              -111.762756,
              34.861825
            ],
            [
              -111.762629,
              34.861824
            ],
            [
              -111.762631,
              34.862087
            ],
            [
              -111.762753,
              34.862086
            ]
          ]
        ],
        "type": "Polygon"
      },
      "id": "52dfea8dc43473d9a76ae59aa6fe4748"
    },
    {
      "type": "Feature",
      "properties": {
        "id": "null",
        "type": "tree"
      },
      "geometry": {
        "coordinates": [
          -111.76222,
          34.863209
        ],
        "type": "Point"
      },
      "id": "540da16e92233b40af4754a6688e176e"
    },
    {
      "type": "Feature",
      "properties": {
        "id": "d10",
        "type": "building"
      },
      "geometry": {
        "coordinates": [
          [
            [
              -111.762817,
              34.863407
            ],
            [
              -111.762526,
              34.863322
            ],
            [
              -111.762582,
              34.863193
            ],
            [
              -111.762874,
              34.863278
            ],
            [
              -111.762817,
              34.863407
            ]
          ]
        ],
        "type": "Polygon"
      },
      "id": "5651ea5cced573958b6f270af0d4bb75"
    },
    {
      "type": "Feature",
      "properties": {
        "id": "a112",
        "type": "building"
      },
      "geometry": {
        "coordinates": [
          [
            [
              -111.76271,
              34.86187
            ],
            [
              -111.762515,
              34.861869
            ],
            [
              -111.762517,
              34.861721
            ],
            [
              -111.762709,
              34.861724
            ],
            [
              -111.76271,
              34.86187
            ]
          ]
        ],
        "type": "Polygon"
      },
      "id": "56769329851c414bc18d64df2d6660ba"
    },
    {
      "type": "Feature",
      "properties": {
        "id": "null",
        "type": "tree"
      },
      "geometry": {
        "coordinates": [
          -111.763213,
          34.863449
        ],
        "type": "Point"
      },
      "id": "5aaa9d417fb47ddfa2d4a87e6b55600c"
    },
    {
      "type": "Feature",
      "properties": {
        "type": "wall"
      },
      "geometry": {
        "coordinates": [
          [
            -111.76338,
            34.863054
          ],
          [
            -111.763401,
            34.863048
          ],
          [
            -111.763429,
            34.863062
          ],
          [
            -111.763603,
            34.863192
          ],
          [
            -111.763675,
            34.863275
          ],
          [
            -111.76376,
            34.863538
          ],
          [
            -111.763735,
            34.863542
          ]
        ],
        "type": "LineString"
      },
      "id": "5cf563035faa1d04b199bc8e16a0d57e"
    },
    {
      "type": "Feature",
      "properties": {
        "id": "patio-de-la-capilla",
        "type": "text"
      },
      "geometry": {
        "coordinates": [
          [
            [
              -111.763234,
              34.861774
            ],
            [
              -111.763107,
              34.861769
            ],
            [
              -111.763109,
              34.861979
            ],
            [
              -111.763233,
              34.861978
            ],
            [
              -111.763234,
              34.861774
            ]
          ]
        ],
        "type": "Polygon"
      },
      "id": "5d26ff629c54fd61fe4cfa09abd29ad4"
    },
    {
      "type": "Feature",
      "properties": {
        "id": "underpath-to-tlaquepaque-north",
        "type": "text"
      },
      "geometry": {
        "coordinates": [
          [
            [
              -111.762203,
              34.862428
            ],
            [
              -111.762105,
              34.862562
            ],
            [
              -111.762045,
              34.862504
            ],
            [
              -111.762137,
              34.862371
            ],
            [
              -111.762203,
              34.862428
            ]
          ]
        ],
        "type": "Polygon"
      },
      "id": "5f02b28578771a6588f1c925432b6205"
    },
    {
      "type": "Feature",
      "properties": {
        "id": "patio-de-las-rosas-fountain",
        "type": "fountain"
      },
      "geometry": {
        "coordinates": [
          -111.762688,
          34.862201
        ],
        "type": "Point"
      },
      "id": "5fb081b7e3ada52dbe3f8ca96be53fe6"
    },
    {
      "type": "Feature",
      "properties": {
        "id": "c107",
        "type": "building"
      },
      "geometry": {
        "coordinates": [
          [
            [
              -111.762987,
              34.861514
            ],
            [
              -111.762876,
              34.861397
            ],
            [
              -111.762948,
              34.861344
            ],
            [
              -111.763056,
              34.861462
            ],
            [
              -111.762987,
              34.861514
            ]
          ]
        ],
        "type": "Polygon"
      },
      "id": "62ecd5bd499a9d0aa0e63ba3e75d7a37"
    },
    {
      "type": "Feature",
      "properties": {
        "id": "a208",
        "type": "building"
      },
      "geometry": {
        "coordinates": [
          [
            [
              -111.762754,
              34.862
            ],
            [
              -111.762874,
              34.862
            ],
            [
              -111.762874,
              34.862047
            ],
            [
              -111.762753,
              34.862047
            ],
            [
              -111.762754,
              34.862
            ]
          ]
        ],
        "type": "Polygon"
      },
      "id": "65127a746d720f01e9b46b2d17b2d479"
    },
    {
      "type": "Feature",
      "properties": {
        "id": "null",
        "type": "tree"
      },
      "geometry": {
        "coordinates": [
          -111.761946,
          34.863471
        ],
        "type": "Point"
      },
      "id": "66d06fb0e448d81fe243805e452bddd3"
    },
    {
      "type": "Feature",
      "properties": {
        "id": "b219",
        "type": "building"
      },
      "geometry": {
        "coordinates": [
          [
            [
              -111.763487,
              34.86232
            ],
            [
              -111.7634,
              34.862237
            ],
            [
              -111.763538,
              34.862144
            ],
            [
              -111.763575,
              34.862179
            ],
            [
              -111.763487,
              34.86232
            ]
          ]
        ],
        "type": "Polygon"
      },
      "id": "66e7ad87bbd53d08842da01c3225b12d"
    },
    {
      "type": "Feature",
      "properties": {
        "id": "a204",
        "type": "building"
      },
      "geometry": {
        "coordinates": [
          [
            [
              -111.762632,
              34.862032
            ],
            [
              -111.762515,
              34.862031
            ],
            [
              -111.762515,
              34.861969
            ],
            [
              -111.762632,
              34.86197
            ],
            [
              -111.762632,
              34.862032
            ]
          ]
        ],
        "type": "Polygon"
      },
      "id": "67201997f9fdbd12c7d9727b151c4924"
    },
    {
      "type": "Feature",
      "properties": {
        "id": "b120",
        "type": "building"
      },
      "geometry": {
        "coordinates": [
          [
            [
              -111.763245,
              34.862027
            ],
            [
              -111.763245,
              34.861979
            ],
            [
              -111.763342,
              34.861979
            ],
            [
              -111.763342,
              34.862026
            ],
            [
              -111.763245,
              34.862027
            ]
          ]
        ],
        "type": "Polygon"
      },
      "id": "682bce97d36b61eac133c6581210e6cd"
    },
    {
      "type": "Feature",
      "properties": {
        "id": "f101",
        "type": "building"
      },
      "geometry": {
        "coordinates": [
          [
            [
              -111.763579,
              34.862892
            ],
            [
              -111.763482,
              34.862834
            ],
            [
              -111.763667,
              34.862664
            ],
            [
              -111.763763,
              34.862733
            ],
            [
              -111.763709,
              34.862781
            ],
            [
              -111.763579,
              34.862892
            ]
          ]
        ],
        "type": "Polygon"
      },
      "id": "6a4584d43b7751fe3b62d6a903a21216"
    },
    {
      "type": "Feature",
      "properties": {
        "id": "b121",
        "type": "building"
      },
      "geometry": {
        "coordinates": [
          [
            [
              -111.763148,
              34.862052
            ],
            [
              -111.763147,
              34.86198
            ],
            [
              -111.763246,
              34.861979
            ],
            [
              -111.763249,
              34.86205
            ],
            [
              -111.763148,
              34.862052
            ]
          ]
        ],
        "type": "Polygon"
      },
      "id": "6a6b40ae4ee0502e7a53f281432a39f9"
    },
    {
      "type": "Feature",
      "properties": {
        "id": "restroom-south",
        "type": "restroom"
      },
      "geometry": {
        "coordinates": [
          -111.762859,
          34.861917
        ],
        "type": "Point"
      },
      "id": "6aedce127ff48e4452d49d55ba73594f"
    },
    {
      "type": "Feature",
      "properties": {
        "id": "a109",
        "type": "building"
      },
      "geometry": {
        "coordinates": [
          [
            [
              -111.762515,
              34.861971
            ],
            [
              -111.762516,
              34.861927
            ],
            [
              -111.762633,
              34.861927
            ],
            [
              -111.762633,
              34.861971
            ],
            [
              -111.762515,
              34.861971
            ]
          ]
        ],
        "type": "Polygon"
      },
      "id": "6b21781700beef321036ff1399aab4c1"
    },
    {
      "type": "Feature",
      "properties": {
        "type": "wall"
      },
      "geometry": {
        "coordinates": [
          [
            -111.76301,
            34.862927
          ],
          [
            -111.763026,
            34.862896
          ],
          [
            -111.76312,
            34.862924
          ],
          [
            -111.763147,
            34.862954
          ],
          [
            -111.763267,
            34.862999
          ],
          [
            -111.763294,
            34.862996
          ],
          [
            -111.763319,
            34.863007
          ],
          [
            -111.763319,
            34.863025
          ]
        ],
        "type": "LineString"
      },
      "id": "6cae989977fae97aa225b4f8041d50c8"
    },
    {
      "type": "Feature",
      "properties": {
        "id": "parking-del-norte",
        "type": "parking"
      },
      "geometry": {
        "coordinates": [
          -111.763171,
          34.8626
        ],
        "type": "Point"
      },
      "id": "70fb3af0f8e482283bc97ebef3da83bd"
    },
    {
      "type": "Feature",
      "properties": {
        "id": "entrance-west",
        "type": "entrance"
      },
      "geometry": {
        "coordinates": [
          [
            [
              -111.763762,
              34.862732
            ],
            [
              -111.763809,
              34.862689
            ],
            [
              -111.763792,
              34.862678
            ],
            [
              -111.763745,
              34.86272
            ],
            [
              -111.763762,
              34.862732
            ]
          ]
        ],
        "type": "Polygon"
      },
      "id": "72bf2c874c1b3368ee1b4cc4212c1083"
    },
    {
      "type": "Feature",
      "properties": {
        "id": "a209",
        "type": "building"
      },
      "geometry": {
        "coordinates": [
          [
            [
              -111.762876,
              34.862173
            ],
            [
              -111.762754,
              34.862173
            ],
            [
              -111.762754,
              34.862124
            ],
            [
              -111.762875,
              34.862124
            ],
            [
              -111.762876,
              34.862173
            ]
          ]
        ],
        "type": "Polygon"
      },
      "id": "73811f207df7857d2fb11712360e4062"
    },
    {
      "type": "Feature",
      "properties": {
        "id": "patio-del-norte",
        "type": "text"
      },
      "geometry": {
        "coordinates": [
          [
            [
              -111.763459,
              34.862282
            ],
            [
              -111.763446,
              34.862192
            ],
            [
              -111.763101,
              34.862188
            ],
            [
              -111.763109,
              34.862282
            ],
            [
              -111.763459,
              34.862282
            ]
          ]
        ],
        "type": "Polygon"
      },
      "id": "741a20ea60af6f49eb10f0ea95e36a6e"
    },
    {
      "type": "Feature",
      "properties": {
        "id": "el-pasillo-pequeno",
        "type": "fountain"
      },
      "geometry": {
        "coordinates": [
          -111.763091,
          34.862072
        ],
        "type": "Point"
      },
      "id": "74e7dde005e744b48604d80dacee2ef1"
    },
    {
      "type": "Feature",
      "properties": {
        "id": "avenida-de-la-constitution",
        "type": "area"
      },
      "geometry": {
        "coordinates": [
          [
            [
              -111.762516,
              34.861796
            ],
            [
              -111.762515,
              34.86204
            ],
            [
              -111.762517,
              34.862282
            ],
            [
              -111.762472,
              34.862284
            ],
            [
              -111.762461,
              34.861798
            ],
            [
              -111.762516,
              34.861796
            ]
          ]
        ],
        "type": "Polygon"
      },
      "id": "74f64c508d5739b68d811f3fdb1fd5c6"
    },
    {
      "type": "Feature",
      "properties": {
        "id": "null",
        "type": "tree"
      },
      "geometry": {
        "coordinates": [
          -111.762214,
          34.861914
        ],
        "type": "Point"
      },
      "id": "75b16cf8b000469adcb1cdd2c46d8a37"
    },
    {
      "type": "Feature",
      "properties": {
        "id": "del-norte-parking",
        "type": "text"
      },
      "geometry": {
        "coordinates": [
          [
            [
              -111.763397,
              34.862685
            ],
            [
              -111.763469,
              34.862537
            ],
            [
              -111.763028,
              34.862397
            ],
            [
              -111.762982,
              34.86255
            ],
            [
              -111.763397,
              34.862685
            ]
          ]
        ],
        "type": "Polygon"
      },
      "id": "79b0780b699a1927bbbf5c3ce9de5743"
    },
    {
      "type": "Feature",
      "properties": {
        "id": "main-gate",
        "type": "icon"
      },
      "geometry": {
        "coordinates": [
          [
            [
              -111.762945,
              34.862697
            ],
            [
              -111.762954,
              34.862673
            ],
            [
              -111.762789,
              34.862623
            ],
            [
              -111.762777,
              34.862647
            ],
            [
              -111.762945,
              34.862697
            ]
          ]
        ],
        "type": "Polygon"
      },
      "id": "79d8c7ed59fb9bb8ec42ff83d3e8b7cf"
    },
    {
      "type": "Feature",
      "properties": {
        "id": "null",
        "type": "tree"
      },
      "geometry": {
        "coordinates": [
          -111.762321,
          34.863507
        ],
        "type": "Point"
      },
      "id": "7b10295a62c5f1ec9dc8011ee34ef961"
    },
    {
      "type": "Feature",
      "properties": {
        "id": "null",
        "type": "tree"
      },
      "geometry": {
        "coordinates": [
          -111.762847,
          34.863548
        ],
        "type": "Point"
      },
      "id": "7c41fa7e745193033118056569d6cffa"
    },
    {
      "type": "Feature",
      "properties": {
        "id": "calle-miller",
        "type": "text"
      },
      "geometry": {
        "coordinates": [
          [
            [
              -111.763306,
              34.86187
            ],
            [
              -111.763242,
              34.861911
            ],
            [
              -111.762915,
              34.861564
            ],
            [
              -111.762977,
              34.861522
            ],
            [
              -111.763306,
              34.86187
            ]
          ]
        ],
        "type": "Polygon"
      },
      "id": "7d2ab323ab325a56eb809ec2b6d04027"
    },
    {
      "type": "Feature",
      "properties": {
        "id": "patio-de-las-rosas-fountain",
        "type": "fountain"
      },
      "geometry": {
        "coordinates": [
          -111.763613,
          34.862617
        ],
        "type": "Point"
      },
      "id": "803f9064587157f7d856ff676e9eb51c"
    },
    {
      "type": "Feature",
      "properties": {
        "id": "a201",
        "type": "building"
      },
      "geometry": {
        "coordinates": [
          [
            [
              -111.762632,
              34.862113
            ],
            [
              -111.762515,
              34.862113
            ],
            [
              -111.762515,
              34.86203
            ],
            [
              -111.762632,
              34.86203
            ],
            [
              -111.762632,
              34.862113
            ]
          ]
        ],
        "type": "Polygon"
      },
      "id": "809522c6fec776cb7f4053eedaf1a618"
    },
    {
      "type": "Feature",
      "properties": {
        "id": "null",
        "type": "tree"
      },
      "geometry": {
        "coordinates": [
          -111.763497,
          34.862878
        ],
        "type": "Point"
      },
      "id": "82efa3876ceb3e37f8944a8caacd396f"
    },
    {
      "type": "Feature",
      "properties": {
        "id": "null",
        "type": "tree"
      },
      "geometry": {
        "coordinates": [
          -111.7631,
          34.863625
        ],
        "type": "Point"
      },
      "id": "83be93082c5a662cf933b3aa41532eb4"
    },
    {
      "type": "Feature",
      "properties": {
        "type": "wall"
      },
      "geometry": {
        "coordinates": [
          [
            -111.764391,
            34.86373
          ],
          [
            -111.764326,
            34.863695
          ],
          [
            -111.764281,
            34.863677
          ],
          [
            -111.764225,
            34.86366
          ],
          [
            -111.76417,
            34.863652
          ],
          [
            -111.764096,
            34.863651
          ],
          [
            -111.764042,
            34.863651
          ],
          [
            -111.764039,
            34.863726
          ]
        ],
        "type": "LineString"
      },
      "id": "846e1aab61c206d47bcc5f4a43af54f6"
    },
    {
      "type": "Feature",
      "properties": {
        "id": "fountain-5",
        "type": "fountain"
      },
      "geometry": {
        "coordinates": [
          -111.763107,
          34.863226
        ],
        "type": "Point"
      },
      "id": "85806d21eab5486532dea086937dc5a9"
    },
    {
      "type": "Feature",
      "properties": {
        "id": "ranger-road",
        "type": "text"
      },
      "geometry": {
        "coordinates": [
          [
            [
              -111.764437,
              34.863652
            ],
            [
              -111.764379,
              34.863723
            ],
            [
              -111.764029,
              34.863658
            ],
            [
              -111.764049,
              34.863559
            ],
            [
              -111.764437,
              34.863652
            ]
          ]
        ],
        "type": "Polygon"
      },
      "id": "8809d6e52c454750ed23228855b01732"
    },
    {
      "type": "Feature",
      "properties": {
        "id": "b118",
        "type": "building"
      },
      "geometry": {
        "coordinates": [
          [
            [
              -111.76332,
              34.862163
            ],
            [
              -111.763317,
              34.862105
            ],
            [
              -111.763362,
              34.862103
            ],
            [
              -111.763362,
              34.862022
            ],
            [
              -111.76341,
              34.862021
            ],
            [
              -111.763476,
              34.862088
            ],
            [
              -111.763368,
              34.862162
            ],
            [
              -111.76332,
              34.862163
            ]
          ]
        ],
        "type": "Polygon"
      },
      "id": "8cd72da74be4a203e7b698432f4db58a"
    },
    {
      "type": "Feature",
      "properties": {
        "id": "c105",
        "type": "building"
      },
      "geometry": {
        "coordinates": [
          [
            [
              -111.763141,
              34.861686
            ],
            [
              -111.763101,
              34.861644
            ],
            [
              -111.763173,
              34.861588
            ],
            [
              -111.763211,
              34.86163
            ],
            [
              -111.763141,
              34.861686
            ]
          ]
        ],
        "type": "Polygon"
      },
      "id": "8fffdbf2bc209913f6c0fedef6d5f34e"
    },
    {
      "type": "Feature",
      "properties": {
        "id": "null",
        "type": "tree"
      },
      "geometry": {
        "coordinates": [
          -111.763511,
          34.862567
        ],
        "type": "Point"
      },
      "id": "907d7a920fd749f0e044a40a7dbf09bb"
    },
    {
      "type": "Feature",
      "properties": {
        "id": "b201",
        "type": "building"
      },
      "geometry": {
        "coordinates": [
          [
            [
              -111.763003,
              34.861826
            ],
            [
              -111.763003,
              34.86177
            ],
            [
              -111.763106,
              34.86177
            ],
            [
              -111.763107,
              34.861826
            ],
            [
              -111.763003,
              34.861826
            ]
          ]
        ],
        "type": "Polygon"
      },
      "id": "918c2745070d50189972fbebe9c62da6"
    },
    {
      "type": "Feature",
      "properties": {
        "id": "tlaque-paque-south",
        "type": "bus-stop"
      },
      "geometry": {
        "coordinates": [
          -111.763193,
          34.862752
        ],
        "type": "Point"
      },
      "id": "91f780d75894c01098206402cf8ea28d"
    },
    {
      "type": "Feature",
      "properties": {
        "id": "d102",
        "type": "building"
      },
      "geometry": {
        "coordinates": [
          [
            [
              -111.763664,
              34.86256
            ],
            [
              -111.763646,
              34.862514
            ],
            [
              -111.763814,
              34.862423
            ],
            [
              -111.763851,
              34.862456
            ],
            [
              -111.763664,
              34.86256
            ]
          ]
        ],
        "type": "Polygon"
      },
      "id": "9317e0351faf05c00e336f4dd2568068"
    },
    {
      "type": "Feature",
      "properties": {
        "type": "wall"
      },
      "geometry": {
        "coordinates": [
          [
            -111.764241,
            34.863616
          ],
          [
            -111.764187,
            34.863606
          ],
          [
            -111.764173,
            34.863605
          ],
          [
            -111.764088,
            34.863603
          ],
          [
            -111.764033,
            34.863602
          ],
          [
            -111.763994,
            34.863463
          ],
          [
            -111.763932,
            34.86334
          ],
          [
            -111.763827,
            34.86319
          ],
          [
            -111.763793,
            34.863156
          ],
          [
            -111.763627,
            34.862991
          ],
          [
            -111.763585,
            34.862956
          ],
          [
            -111.763814,
            34.862768
          ],
          [
            -111.763858,
            34.862732
          ],
          [
            -111.76408,
            34.862545
          ],
          [
            -111.76415,
            34.862594
          ],
          [
            -111.764315,
            34.862755
          ],
          [
            -111.764378,
            34.862845
          ],
          [
            -111.764444,
            34.862953
          ],
          [
            -111.764498,
            34.863065
          ],
          [
            -111.764531,
            34.863123
          ],
          [
            -111.764624,
            34.863295
          ],
          [
            -111.764691,
            34.863416
          ],
          [
            -111.764241,
            34.863616
          ]
        ],
        "type": "LineString"
      },
      "id": "944a10c346bd24545cd3f0a97a2c2387"
    },
    {
      "type": "Feature",
      "properties": {
        "type": "wall"
      },
      "geometry": {
        "coordinates": [
          [
            -111.762156,
            34.861754
          ],
          [
            -111.762205,
            34.861615
          ],
          [
            -111.762468,
            34.861622
          ],
          [
            -111.762516,
            34.861383
          ],
          [
            -111.762502,
            34.861371
          ]
        ],
        "type": "LineString"
      },
      "id": "9450912539a048fc8b80daf91c1c5efa"
    },
    {
      "type": "Feature",
      "properties": {
        "id": "to-89a",
        "type": "text"
      },
      "geometry": {
        "coordinates": [
          [
            [
              -111.763929,
              34.863385
            ],
            [
              -111.763759,
              34.863454
            ],
            [
              -111.763482,
              34.863087
            ],
            [
              -111.763598,
              34.862983
            ],
            [
              -111.763929,
              34.863385
            ]
          ]
        ],
        "type": "Polygon"
      },
      "id": "96f32044e6f007202bee5fdac73cd4a5"
    },
    {
      "type": "Feature",
      "properties": {
        "type": "wall"
      },
      "geometry": {
        "coordinates": [
          [
            -111.763733,
            34.863581
          ],
          [
            -111.763691,
            34.863447
          ],
          [
            -111.763561,
            34.863467
          ],
          [
            -111.763542,
            34.86335
          ],
          [
            -111.763398,
            34.863383
          ],
          [
            -111.763188,
            34.8635
          ],
          [
            -111.763182,
            34.863689
          ],
          [
            -111.763598,
            34.863698
          ],
          [
            -111.76377,
            34.863703
          ],
          [
            -111.763747,
            34.86362
          ],
          [
            -111.763732,
            34.86358
          ]
        ],
        "type": "LineString"
      },
      "id": "9949e3296e58f93d9745487510a4aeb3"
    },
    {
      "type": "Feature",
      "properties": {
        "type": "underpass"
      },
      "geometry": {
        "coordinates": [
          [
            [
              -111.762017,
              34.862509
            ],
            [
              -111.762125,
              34.862355
            ],
            [
              -111.762041,
              34.862295
            ],
            [
              -111.761944,
              34.862446
            ],
            [
              -111.762017,
              34.862509
            ]
          ]
        ],
        "type": "Polygon"
      },
      "id": "99c15d7cd7c211a305fe4df71221feac"
    },
    {
      "type": "Feature",
      "properties": {
        "type": "wall"
      },
      "geometry": {
        "coordinates": [
          [
            -111.762788,
            34.862637
          ],
          [
            -111.762583,
            34.862574
          ],
          [
            -111.762578,
            34.862555
          ]
        ],
        "type": "LineString"
      },
      "id": "9a65f543cc3ab931b21c6b0bf9589431"
    },
    {
      "type": "Feature",
      "properties": {
        "id": "west-parking",
        "type": "text"
      },
      "geometry": {
        "coordinates": [
          [
            [
              -111.763706,
              34.863627
            ],
            [
              -111.763689,
              34.863493
            ],
            [
              -111.763212,
              34.863514
            ],
            [
              -111.763207,
              34.863671
            ],
            [
              -111.763706,
              34.863627
            ]
          ]
        ],
        "type": "Polygon"
      },
      "id": "9c258136841adf125859ab5624480d3d"
    },
    {
      "type": "Feature",
      "properties": {
        "id": "b218",
        "type": "building"
      },
      "geometry": {
        "coordinates": [
          [
            [
              -111.763399,
              34.862237
            ],
            [
              -111.76334,
              34.86218
            ],
            [
              -111.763476,
              34.862087
            ],
            [
              -111.763538,
              34.862144
            ],
            [
              -111.763399,
              34.862237
            ]
          ]
        ],
        "type": "Polygon"
      },
      "id": "9c7984b3cce8b51e36a0243859389395"
    },
    {
      "type": "Feature",
      "properties": {
        "type": "wall"
      },
      "geometry": {
        "coordinates": [
          [
            -111.76246,
            34.861789
          ],
          [
            -111.762473,
            34.862295
          ],
          [
            -111.762533,
            34.862294
          ],
          [
            -111.762535,
            34.862377
          ],
          [
            -111.762813,
            34.862373
          ],
          [
            -111.762807,
            34.862567
          ],
          [
            -111.762789,
            34.862608
          ],
          [
            -111.762505,
            34.862513
          ],
          [
            -111.762345,
            34.862453
          ],
          [
            -111.762283,
            34.862417
          ],
          [
            -111.762219,
            34.862386
          ],
          [
            -111.762139,
            34.862334
          ],
          [
            -111.76204,
            34.86226
          ],
          [
            -111.762163,
            34.862069
          ],
          [
            -111.762157,
            34.861751
          ]
        ],
        "type": "LineString"
      },
      "id": "9e3680077ec43de0b3abdc813ea7d864"
    },
    {
      "type": "Feature",
      "properties": {
        "id": "compass",
        "type": "compass"
      },
      "geometry": {
        "coordinates": [
          [
            [
              -111.762279,
              34.863162
            ],
            [
              -111.762451,
              34.862747
            ],
            [
              -111.761981,
              34.86263
            ],
            [
              -111.761876,
              34.86307
            ],
            [
              -111.762279,
              34.863162
            ]
          ]
        ],
        "type": "Polygon"
      },
      "id": "9e868243b3d81cca0366223e78a3bc6e"
    },
    {
      "type": "Feature",
      "properties": {
        "id": "chappel",
        "type": "building"
      },
      "geometry": {
        "coordinates": [
          [
            [
              -111.763262,
              34.861984
            ],
            [
              -111.763193,
              34.861918
            ],
            [
              -111.763244,
              34.861886
            ],
            [
              -111.763341,
              34.861982
            ],
            [
              -111.763304,
              34.861983
            ],
            [
              -111.763262,
              34.861984
            ]
          ]
        ],
        "type": "Polygon"
      },
      "id": "9ef0aaf3d529439e06714971186ab8ef"
    },
    {
      "type": "Feature",
      "properties": {
        "id": "wind-sculpture-garden-3",
        "type": "wind-sculpture-garden-3"
      },
      "geometry": {
        "coordinates": [
          -111.762234,
          34.86117
        ],
        "type": "Point"
      },
      "id": "9fb559ff9ac35ec1e9beaaa5d4d9e903"
    },
    {
      "type": "Feature",
      "properties": {
        "id": "null",
        "type": "tree"
      },
      "geometry": {
        "coordinates": [
          -111.762303,
          34.861568
        ],
        "type": "Point"
      },
      "id": "a144fb7ef897959e47297019dc6496bd"
    },
    {
      "type": "Feature",
      "properties": {
        "id": "restroom-central",
        "type": "restroom"
      },
      "geometry": {
        "coordinates": [
          -111.763044,
          34.862211
        ],
        "type": "Point"
      },
      "id": "a3571d37560f01749deed517522101c0"
    },
    {
      "type": "Feature",
      "properties": {
        "type": "parking",
        "id": "parking-west"
      },
      "geometry": {
        "coordinates": [
          -111.763494,
          34.863613
        ],
        "type": "Point"
      },
      "id": "a3ae068be1fc36853fbb47cc85cac469"
    },
    {
      "type": "Feature",
      "properties": {
        "type": "parking",
        "id": "parking-east"
      },
      "geometry": {
        "coordinates": [
          -111.762821,
          34.863072
        ],
        "type": "Point"
      },
      "id": "a3d82a6059285336066cece5c1906503"
    },
    {
      "type": "Feature",
      "properties": {
        "id": "a210",
        "type": "building"
      },
      "geometry": {
        "coordinates": [
          [
            [
              -111.762754,
              34.862224
            ],
            [
              -111.762754,
              34.862171
            ],
            [
              -111.762876,
              34.862171
            ],
            [
              -111.762877,
              34.862224
            ],
            [
              -111.762754,
              34.862224
            ]
          ]
        ],
        "type": "Polygon"
      },
      "id": "a66bcd749c792adc3f562376ead283e3"
    },
    {
      "type": "Feature",
      "properties": {
        "id": "portal-lane-parking",
        "type": "text"
      },
      "geometry": {
        "coordinates": [
          [
            [
              -111.764431,
              34.86297
            ],
            [
              -111.764299,
              34.862763
            ],
            [
              -111.763765,
              34.8631
            ],
            [
              -111.763884,
              34.863234
            ],
            [
              -111.764431,
              34.86297
            ]
          ]
        ],
        "type": "Polygon"
      },
      "id": "a820135a555a5ba68644a52b5cf3f463"
    },
    {
      "type": "Feature",
      "properties": {
        "id": "crosswalk-to-tlaquepaque-north",
        "type": "crosswalk"
      },
      "geometry": {
        "coordinates": [
          [
            [
              -111.762871,
              34.862849
            ],
            [
              -111.762944,
              34.86269
            ],
            [
              -111.762851,
              34.862663
            ],
            [
              -111.762785,
              34.862823
            ],
            [
              -111.762871,
              34.862849
            ]
          ]
        ],
        "type": "Polygon"
      },
      "id": "ab7ebc6c96fbb85008d4c7f7ff1f9cca"
    },
    {
      "type": "Feature",
      "properties": {
        "id": "plaza-de-la-fuente",
        "type": "fountain"
      },
      "geometry": {
        "coordinates": [
          -111.7629,
          34.861687
        ],
        "type": "Point"
      },
      "id": "ab9a73f9035157e890ccb26b106a47c6"
    },
    {
      "type": "Feature",
      "properties": {
        "id": "parking-handicap-east",
        "type": "parking-handicap"
      },
      "geometry": {
        "coordinates": [
          -111.762447,
          34.861822
        ],
        "type": "Point"
      },
      "id": "ae0b8b324db00dcf6de08c0d1c257564"
    },
    {
      "type": "Feature",
      "properties": {
        "id": "b123",
        "type": "building"
      },
      "geometry": {
        "coordinates": [
          [
            [
              -111.763151,
              34.862164
            ],
            [
              -111.763148,
              34.862107
            ],
            [
              -111.763319,
              34.862105
            ],
            [
              -111.76332,
              34.862162
            ],
            [
              -111.763151,
              34.862164
            ]
          ]
        ],
        "type": "Polygon"
      },
      "id": "ae58bce30eec59f1a6e53260b59139e3"
    },
    {
      "type": "Feature",
      "properties": {
        "id": "fountain-3",
        "type": "fountain"
      },
      "geometry": {
        "coordinates": [
          -111.762927,
          34.862432
        ],
        "type": "Point"
      },
      "id": "ae7bc7459a401e5caaf168288f7bf123"
    },
    {
      "type": "Feature",
      "properties": {
        "id": "b105",
        "type": "building"
      },
      "geometry": {
        "coordinates": [
          [
            [
              -111.763004,
              34.862045
            ],
            [
              -111.763005,
              34.861982
            ],
            [
              -111.763109,
              34.861984
            ],
            [
              -111.763108,
              34.862046
            ],
            [
              -111.763004,
              34.862045
            ]
          ]
        ],
        "type": "Polygon"
      },
      "id": "aee91d1e97db598aad48fba2f11c6b76"
    },
    {
      "type": "Feature",
      "properties": {
        "id": "null",
        "type": "tree"
      },
      "geometry": {
        "coordinates": [
          -111.761816,
          34.862704
        ],
        "type": "Point"
      },
      "id": "aeea83046c68dee1fae310ca307be0ef"
    },
    {
      "type": "Feature",
      "properties": {
        "id": "b14",
        "type": "building"
      },
      "geometry": {
        "coordinates": [
          [
            [
              -111.763308,
              34.863351
            ],
            [
              -111.763307,
              34.863275
            ],
            [
              -111.763264,
              34.863207
            ],
            [
              -111.763359,
              34.863076
            ],
            [
              -111.763476,
              34.863136
            ],
            [
              -111.763424,
              34.863205
            ],
            [
              -111.763443,
              34.863221
            ],
            [
              -111.763489,
              34.863212
            ],
            [
              -111.763526,
              34.863268
            ],
            [
              -111.763505,
              34.863276
            ],
            [
              -111.763524,
              34.863326
            ],
            [
              -111.763308,
              34.863351
            ]
          ]
        ],
        "type": "Polygon"
      },
      "id": "af8a8fa58df4769a227317ff0fe468c2"
    },
    {
      "type": "Feature",
      "properties": {
        "type": "parking",
        "id": "parking-portal-lane"
      },
      "geometry": {
        "coordinates": [
          -111.764173,
          34.863128
        ],
        "type": "Point"
      },
      "id": "b4b09962b89499ffeb2475544fcce79b"
    },
    {
      "type": "Feature",
      "properties": {
        "id": "bike-rack",
        "type": "bike-rack"
      },
      "geometry": {
        "coordinates": [
          -111.763197,
          34.862678
        ],
        "type": "Point"
      },
      "id": "b80c57aeefc8c056f2b015a32c569027"
    },
    {
      "type": "Feature",
      "properties": {
        "id": "tlaquepaque-north",
        "type": "text"
      },
      "geometry": {
        "coordinates": [
          [
            [
              -111.763264,
              34.863383
            ],
            [
              -111.76332,
              34.863216
            ],
            [
              -111.762881,
              34.863057
            ],
            [
              -111.762781,
              34.863197
            ],
            [
              -111.763264,
              34.863383
            ]
          ]
        ],
        "type": "Polygon"
      },
      "id": "b9dfc8b15e4e896fb818bceec7df2f4b"
    },
    {
      "type": "Feature",
      "properties": {
        "id": "east-parking",
        "type": "text"
      },
      "geometry": {
        "coordinates": [
          [
            [
              -111.762968,
              34.863094
            ],
            [
              -111.763005,
              34.863014
            ],
            [
              -111.762686,
              34.862929
            ],
            [
              -111.762653,
              34.863014
            ],
            [
              -111.762968,
              34.863094
            ]
          ]
        ],
        "type": "Polygon"
      },
      "id": "ba5557036e9c3e7c7dc9cac22eb8adbc"
    },
    {
      "type": "Feature",
      "properties": {
        "id": "atm",
        "type": "atm"
      },
      "geometry": {
        "coordinates": [
          -111.763918,
          34.862542
        ],
        "type": "Point"
      },
      "id": "bab753612bcb42d72eadde32914cf21f"
    },
    {
      "type": "Feature",
      "properties": {
        "id": "drinking-water",
        "type": "drinking-water"
      },
      "geometry": {
        "coordinates": [
          -111.762793,
          34.861808
        ],
        "type": "Point"
      },
      "id": "bb62f79313b2459154ea2684337e4137"
    },
    {
      "type": "Feature",
      "properties": {
        "id": "null",
        "type": "tree"
      },
      "geometry": {
        "coordinates": [
          -111.762574,
          34.863537
        ],
        "type": "Point"
      },
      "id": "c2a47308037436ed34ab9f84059ec4f1"
    },
    {
      "type": "Feature",
      "properties": {
        "id": "a207",
        "type": "building"
      },
      "geometry": {
        "coordinates": [
          [
            [
              -111.762872,
              34.861925
            ],
            [
              -111.762755,
              34.861924
            ],
            [
              -111.762755,
              34.861875
            ],
            [
              -111.762871,
              34.861875
            ],
            [
              -111.762872,
              34.861925
            ]
          ]
        ],
        "type": "Polygon"
      },
      "id": "c350140eb8af7a31d452af3ec17070f7"
    },
    {
      "type": "Feature",
      "properties": {
        "id": "b122",
        "type": "building"
      },
      "geometry": {
        "coordinates": [
          [
            [
              -111.76315,
              34.862108
            ],
            [
              -111.763147,
              34.86205
            ],
            [
              -111.763249,
              34.86205
            ],
            [
              -111.763252,
              34.862107
            ],
            [
              -111.76315,
              34.862108
            ]
          ]
        ],
        "type": "Polygon"
      },
      "id": "c428604f324cccfbedb82d5e5093d9c9"
    },
    {
      "type": "Feature",
      "properties": {
        "id": "d101",
        "type": "building"
      },
      "geometry": {
        "coordinates": [
          [
            [
              -111.763639,
              34.862516
            ],
            [
              -111.763622,
              34.862479
            ],
            [
              -111.763775,
              34.862399
            ],
            [
              -111.763807,
              34.862426
            ],
            [
              -111.763639,
              34.862516
            ]
          ]
        ],
        "type": "Polygon"
      },
      "id": "c8c79386311eed661acf794e36bd09e2"
    },
    {
      "type": "Feature",
      "properties": {
        "id": "calle-independencia",
        "type": "text"
      },
      "geometry": {
        "coordinates": [
          [
            [
              -111.762988,
              34.862245
            ],
            [
              -111.762862,
              34.862232
            ],
            [
              -111.762906,
              34.861796
            ],
            [
              -111.763031,
              34.861799
            ],
            [
              -111.762988,
              34.862245
            ]
          ]
        ],
        "type": "Polygon"
      },
      "id": "c90aa65bdd3098042c2f23edc1f98cc2"
    },
    {
      "type": "Feature",
      "properties": {
        "id": "patio-de-las-rosas",
        "type": "text"
      },
      "geometry": {
        "coordinates": [
          [
            [
              -111.763672,
              34.862578
            ],
            [
              -111.763449,
              34.862814
            ],
            [
              -111.763387,
              34.86278
            ],
            [
              -111.763621,
              34.86246
            ],
            [
              -111.763672,
              34.862578
            ]
          ]
        ],
        "type": "Polygon"
      },
      "id": "c9f3bd7c7f970cf815acbd3becf14d22"
    },
    {
      "type": "Feature",
      "properties": {
        "type": "wall"
      },
      "geometry": {
        "coordinates": [
          [
            -111.762946,
            34.862684
          ],
          [
            -111.763038,
            34.862712
          ],
          [
            -111.763058,
            34.862703
          ],
          [
            -111.763238,
            34.862765
          ],
          [
            -111.763244,
            34.862786
          ],
          [
            -111.763341,
            34.862825
          ],
          [
            -111.763349,
            34.862824
          ],
          [
            -111.763355,
            34.86282
          ],
          [
            -111.763359,
            34.862813
          ],
          [
            -111.76336,
            34.862803
          ],
          [
            -111.763358,
            34.86279
          ],
          [
            -111.763349,
            34.862771
          ],
          [
            -111.763339,
            34.86276
          ],
          [
            -111.763327,
            34.862755
          ]
        ],
        "type": "LineString"
      },
      "id": "cbbe7935c72b3a5e626436c4b86d0dc5"
    },
    {
      "type": "Feature",
      "properties": {
        "id": "b106",
        "type": "building"
      },
      "geometry": {
        "coordinates": [
          [
            [
              -111.763067,
              34.862093
            ],
            [
              -111.763004,
              34.862095
            ],
            [
              -111.763004,
              34.862044
            ],
            [
              -111.763069,
              34.862044
            ],
            [
              -111.763067,
              34.862093
            ]
          ]
        ],
        "type": "Polygon"
      },
      "id": "cd815c8cc7d5565d317843eae9e55975"
    },
    {
      "type": "Feature",
      "properties": {
        "id": "a11",
        "type": "building"
      },
      "geometry": {
        "coordinates": [
          [
            [
              -111.763114,
              34.863139
            ],
            [
              -111.762975,
              34.863092
            ],
            [
              -111.763047,
              34.862948
            ],
            [
              -111.7632,
              34.862992
            ],
            [
              -111.763114,
              34.863139
            ]
          ]
        ],
        "type": "Polygon"
      },
      "id": "ce09cee7efccd0c5bbcb549ab55fc1eb"
    },
    {
      "type": "Feature",
      "properties": {
        "id": "null",
        "type": "tree"
      },
      "geometry": {
        "coordinates": [
          -111.762498,
          34.860965
        ],
        "type": "Point"
      },
      "id": "d1f001d7a797d989ca95732198d5d070"
    },
    {
      "type": "Feature",
      "properties": {
        "id": "null",
        "type": "tree"
      },
      "geometry": {
        "coordinates": [
          -111.763605,
          34.863309
        ],
        "type": "Point"
      },
      "id": "d2225d36a9950abdfd49fd992a4dc2b9"
    },
    {
      "type": "Feature",
      "properties": {
        "id": "patio-azul",
        "type": "text"
      },
      "geometry": {
        "coordinates": [
          [
            [
              -111.763362,
              34.862103
            ],
            [
              -111.763362,
              34.862022
            ],
            [
              -111.763244,
              34.862024
            ],
            [
              -111.763247,
              34.862106
            ],
            [
              -111.763362,
              34.862103
            ]
          ]
        ],
        "type": "Polygon"
      },
      "id": "d2758956344680991ebc66113fec88a1"
    },
    {
      "type": "Feature",
      "properties": {
        "type": "wall"
      },
      "geometry": {
        "coordinates": [
          [
            -111.762539,
            34.862544
          ],
          [
            -111.762524,
            34.862557
          ],
          [
            -111.762481,
            34.862546
          ],
          [
            -111.762321,
            34.862473
          ],
          [
            -111.762169,
            34.862386
          ],
          [
            -111.762014,
            34.862275
          ],
          [
            -111.761883,
            34.862153
          ],
          [
            -111.761863,
            34.862089
          ],
          [
            -111.76186,
            34.862062
          ]
        ],
        "type": "LineString"
      },
      "id": "d398f7e1ff9174ed68382a5f1594230f"
    },
    {
      "type": "Feature",
      "properties": {
        "id": "b103",
        "type": "building"
      },
      "geometry": {
        "coordinates": [
          [
            [
              -111.763004,
              34.861944
            ],
            [
              -111.763003,
              34.861884
            ],
            [
              -111.763107,
              34.861883
            ],
            [
              -111.763108,
              34.861944
            ],
            [
              -111.763004,
              34.861944
            ]
          ]
        ],
        "type": "Polygon"
      },
      "id": "d4f5999faa98e3796b9f93ee8596a6f6"
    },
    {
      "type": "Feature",
      "properties": {
        "id": "c102",
        "type": "building"
      },
      "geometry": {
        "coordinates": [
          [
            [
              -111.763265,
              34.861819
            ],
            [
              -111.763222,
              34.861774
            ],
            [
              -111.763295,
              34.861725
            ],
            [
              -111.763334,
              34.861771
            ],
            [
              -111.763265,
              34.861819
            ]
          ]
        ],
        "type": "Polygon"
      },
      "id": "d76cca7617ddd714f99e5012f8a2cce9"
    },
    {
      "type": "Feature",
      "properties": {
        "type": "wall"
      },
      "geometry": {
        "coordinates": [
          [
            -111.762901,
            34.863232
          ],
          [
            -111.763041,
            34.862945
          ],
          [
            -111.762713,
            34.862853
          ],
          [
            -111.762605,
            34.863145
          ],
          [
            -111.762901,
            34.863232
          ]
        ],
        "type": "LineString"
      },
      "id": "d770a364f7dcdc5cdb0c267c617560ac"
    },
    {
      "type": "Feature",
      "properties": {
        "id": "a206",
        "type": "building"
      },
      "geometry": {
        "coordinates": [
          [
            [
              -111.762871,
              34.861875
            ],
            [
              -111.762755,
              34.861875
            ],
            [
              -111.762755,
              34.861825
            ],
            [
              -111.76287,
              34.861824
            ],
            [
              -111.762871,
              34.861875
            ]
          ]
        ],
        "type": "Polygon"
      },
      "id": "da4a294483789771c585c75afd646272"
    },
    {
      "type": "Feature",
      "properties": {
        "id": "null",
        "type": "tree"
      },
      "geometry": {
        "coordinates": [
          -111.761707,
          34.863304
        ],
        "type": "Point"
      },
      "id": "dc16fa923087c87e86096a6e2087c924"
    },
    {
      "type": "Feature",
      "properties": {
        "type": "wall"
      },
      "geometry": {
        "coordinates": [
          [
            -111.763742,
            34.863574
          ],
          [
            -111.763769,
            34.863568
          ],
          [
            -111.763788,
            34.86362
          ],
          [
            -111.76381,
            34.863707
          ]
        ],
        "type": "LineString"
      },
      "id": "ddb6d01206578939e158bcaf2ef977bb"
    },
    {
      "type": "Feature",
      "properties": {
        "id": "null",
        "type": "tree"
      },
      "geometry": {
        "coordinates": [
          -111.762429,
          34.86243
        ],
        "type": "Point"
      },
      "id": "de6b60acd8effe26c73750a82965b897"
    },
    {
      "type": "Feature",
      "properties": {
        "id": "bell-tower",
        "type": "icon"
      },
      "geometry": {
        "coordinates": [
          [
            [
              -111.762778,
              34.862446
            ],
            [
              -111.762778,
              34.862371
            ],
            [
              -111.762595,
              34.862371
            ],
            [
              -111.762601,
              34.862446
            ],
            [
              -111.762778,
              34.862446
            ]
          ]
        ],
        "type": "Polygon"
      },
      "id": "dfd25eeba37e2f60db2e0673d188a992"
    },
    {
      "type": "Feature",
      "properties": {
        "id": "null",
        "type": "tree"
      },
      "geometry": {
        "coordinates": [
          -111.762718,
          34.861531
        ],
        "type": "Point"
      },
      "id": "e0ff7c2721e0f3761b47b4b9e8c6a50c"
    },
    {
      "type": "Feature",
      "properties": {
        "id": "entrance-north",
        "type": "entrance"
      },
      "geometry": {
        "coordinates": [
          [
            [
              -111.763349,
              34.863089
            ],
            [
              -111.763359,
              34.863077
            ],
            [
              -111.763301,
              34.86305
            ],
            [
              -111.763292,
              34.863063
            ],
            [
              -111.763349,
              34.863089
            ]
          ]
        ],
        "type": "Polygon"
      },
      "id": "e2c91b8266c782bcb09a7d2153e0794b"
    },
    {
      "type": "Feature",
      "properties": {
        "id": "tlaq-north"
      },
      "geometry": {
        "coordinates": [
          -111.763142,
          34.863296
        ],
        "type": "Point"
      },
      "id": "e2dedb99162b61528ef7c66c2736e9e1"
    },
    {
      "type": "Feature",
      "properties": {
        "id": "null",
        "type": "tree"
      },
      "geometry": {
        "coordinates": [
          -111.762235,
          34.862196
        ],
        "type": "Point"
      },
      "id": "e3b9f515f8183be12749800c53e8d72e"
    },
    {
      "type": "Feature",
      "properties": {
        "id": "null",
        "type": "wall"
      },
      "geometry": {
        "coordinates": [
          [
            [
              -111.763108,
              34.861986
            ],
            [
              -111.763107,
              34.861939
            ],
            [
              -111.763105,
              34.861939
            ],
            [
              -111.763106,
              34.861986
            ],
            [
              -111.763108,
              34.861986
            ]
          ]
        ],
        "type": "Polygon"
      },
      "id": "e48d9b78b5b32c9e065e40fe9c5bdff4"
    },
    {
      "type": "Feature",
      "properties": {
        "id": "crosswalk-to-north",
        "type": "text"
      },
      "geometry": {
        "coordinates": [
          [
            [
              -111.762863,
              34.862669
            ],
            [
              -111.762799,
              34.862825
            ],
            [
              -111.762715,
              34.8628
            ],
            [
              -111.76278,
              34.862645
            ],
            [
              -111.762863,
              34.862669
            ]
          ]
        ],
        "type": "Polygon"
      },
      "id": "e62232a4f86d9fc95b9fe30d420a614b"
    },
    {
      "type": "Feature",
      "properties": {
        "id": "c101",
        "type": "building"
      },
      "geometry": {
        "coordinates": [
          [
            [
              -111.763307,
              34.861864
            ],
            [
              -111.763264,
              34.861819
            ],
            [
              -111.763335,
              34.861771
            ],
            [
              -111.763374,
              34.861817
            ],
            [
              -111.763307,
              34.861864
            ]
          ]
        ],
        "type": "Polygon"
      },
      "id": "e7de91cfb377660dd895ae6cf351133e"
    },
    {
      "type": "Feature",
      "properties": {
        "id": "d201",
        "type": "building"
      },
      "geometry": {
        "coordinates": [
          [
            [
              -111.763809,
              34.86269
            ],
            [
              -111.763728,
              34.862631
            ],
            [
              -111.76387,
              34.862544
            ],
            [
              -111.763924,
              34.862593
            ],
            [
              -111.763809,
              34.86269
            ]
          ]
        ],
        "type": "Polygon"
      },
      "id": "e8f5109830519ab8eb7863d94f3d85a6"
    },
    {
      "type": "Feature",
      "properties": {
        "id": "restroom-west",
        "type": "restroom"
      },
      "geometry": {
        "coordinates": [
          -111.763881,
          34.862562
        ],
        "type": "Point"
      },
      "id": "f0c89599e85a5f152bcc6efedaeeb5d2"
    },
    {
      "type": "Feature",
      "properties": {
        "id": "handicap-bathroom-1",
        "type": "handicap-bathroom"
      },
      "geometry": {
        "coordinates": [
          -111.763436,
          34.86334
        ],
        "type": "Point"
      },
      "id": "f53a4093086c2da048b5a5d72eb2b7ac"
    },
    {
      "type": "Feature",
      "properties": {
        "id": "parking",
        "type": "text"
      },
      "geometry": {
        "coordinates": [
          [
            [
              -111.762725,
              34.86121
            ],
            [
              -111.762646,
              34.861665
            ],
            [
              -111.762479,
              34.861665
            ],
            [
              -111.762562,
              34.86119
            ],
            [
              -111.762725,
              34.86121
            ]
          ]
        ],
        "type": "Polygon"
      },
      "id": "f7ce1a22aa0db10e1c5c4fd443b6d3d7"
    },
    {
      "type": "Feature",
      "properties": {
        "id": "b107",
        "type": "building"
      },
      "geometry": {
        "coordinates": [
          [
            [
              -111.763108,
              34.862157
            ],
            [
              -111.763003,
              34.862155
            ],
            [
              -111.763004,
              34.862094
            ],
            [
              -111.763108,
              34.862096
            ],
            [
              -111.763108,
              34.862157
            ]
          ]
        ],
        "type": "Polygon"
      },
      "id": "f8c9e33c9159df1cd458c05b86de5b34"
    },
    {
      "type": "Feature",
      "properties": {
        "id": "c104",
        "type": "building"
      },
      "geometry": {
        "coordinates": [
          [
            [
              -111.763184,
              34.861732
            ],
            [
              -111.763141,
              34.861686
            ],
            [
              -111.763212,
              34.86163
            ],
            [
              -111.763254,
              34.861679
            ],
            [
              -111.763184,
              34.861732
            ]
          ]
        ],
        "type": "Polygon"
      },
      "id": "f929ffc45a9d34355c507778bf3a5ea5"
    },
    {
      "type": "Feature",
      "properties": {
        "id": "null",
        "type": "tree"
      },
      "geometry": {
        "coordinates": [
          -111.762593,
          34.863383
        ],
        "type": "Point"
      },
      "id": "fa280f79aaf951770a0a2bca0b2cf4fe"
    },
    {
      "type": "Feature",
      "properties": {
        "id": "to-i-17",
        "type": "text"
      },
      "geometry": {
        "coordinates": [
          [
            [
              -111.762706,
              34.862796
            ],
            [
              -111.762773,
              34.86264
            ],
            [
              -111.762236,
              34.862421
            ],
            [
              -111.762172,
              34.862571
            ],
            [
              -111.762316,
              34.86266
            ],
            [
              -111.762706,
              34.862796
            ]
          ]
        ],
        "type": "Polygon"
      },
      "id": "fc1077b10effaad0cd5e5ca1fce0caa0"
    },
    {
      "type": "Feature",
      "properties": {
        "id": "handicap-bathroom",
        "type": "handicap-bathroom"
      },
      "geometry": {
        "coordinates": [
          -111.763052,
          34.862267
        ],
        "type": "Point"
      },
      "id": "fd504d4a03c1003d0b36d798731a29b4"
    },
    {
      "type": "Feature",
      "properties": {
        "id": "wind-sculpture-garden",
        "type": "wind-sculpture-garden"
      },
      "geometry": {
        "coordinates": [
          -111.762448,
          34.86128
        ],
        "type": "Point"
      },
      "id": "fe7e57647c9166e85c8b30e9e01c5963"
    },
    {
      "type": "Feature",
      "properties": {
        "type": "parking",
        "id": "parking-creekside"
      },
      "geometry": {
        "type": "Point",
        "coordinates": [
          -111.7623544,
          34.8620246
        ]
      }
    }
  ],
  "type": "FeatureCollection"
}
